language,type,mentions,share,adjusted_residual,share_top2000
en,animal,1348,0.0718,-7.8,0.0744
en,body_mind,3010,0.1604,10.0,0.1747
en,nature_cosmos,1949,0.1038,-17.7,0.109
en,food_drink,771,0.0411,-7.4,0.0382
en,kinship_social,1213,0.0646,-33.4,0.054
en,religion_supernatural,435,0.0232,-8.8,0.022
en,occupation_economy,717,0.0382,-0.7,0.0364
en,artefact_household,3684,0.1963,29.1,0.1976
en,abstract_other,5644,0.3007,24.4,0.2936
zh,animal,4064,0.0852,-1.4,0.0932
zh,body_mind,7371,0.1545,13.9,0.1816
zh,nature_cosmos,8287,0.1737,21.9,0.1884
zh,food_drink,1105,0.0232,-36.2,0.0218
zh,kinship_social,3977,0.0833,-47.6,0.0745
zh,religion_supernatural,761,0.0159,-27.5,0.0122
zh,occupation_economy,812,0.017,-31.6,0.0147
zh,artefact_household,5791,0.1213,-7.4,0.111
zh,abstract_other,15554,0.3259,62.1,0.3025
hi,animal,3414,0.0809,-5.0,0.0845
hi,body_mind,4369,0.1036,-24.6,0.1147
hi,nature_cosmos,5885,0.1395,-4.5,0.1411
hi,food_drink,3460,0.082,33.9,0.0842
hi,kinship_social,9674,0.2293,61.7,0.2291
hi,religion_supernatural,2614,0.062,39.1,0.0591
hi,occupation_economy,2755,0.0653,34.1,0.0674
hi,artefact_household,4987,0.1182,-9.1,0.1116
hi,abstract_other,5023,0.1191,-67.1,0.1083
ar,animal,2055,0.1205,17.0,0.1371
ar,body_mind,2499,0.1466,3.8,0.159
ar,nature_cosmos,2207,0.1295,-6.5,0.1347
ar,food_drink,1220,0.0716,12.3,0.063
ar,kinship_social,3177,0.1863,17.2,0.19
ar,religion_supernatural,452,0.0265,-5.7,0.0298
ar,occupation_economy,633,0.0371,-1.4,0.037
ar,artefact_household,1928,0.1131,-7.2,0.0927
ar,abstract_other,2878,0.1688,-20.9,0.1567
