language,type,level,mentions,share_of_all_mentions,adjusted_residual,share_of_abstract
en,animal,concrete,1348,0.0718,-7.8,
en,body_mind,concrete,3010,0.1604,10.0,
en,nature_cosmos,concrete,1949,0.1038,-17.7,
en,food_drink,concrete,771,0.0411,-7.4,
en,kinship_social,concrete,1213,0.0646,-33.4,
en,religion_supernatural,concrete,435,0.0232,-8.8,
en,occupation_economy,concrete,717,0.0382,-0.7,
en,artefact_household,concrete,3684,0.1963,29.1,
en,time_change,subtype,630,0.0336,15.5,0.1116
en,speech_name,subtype,661,0.0352,3.7,0.1171
en,life_death_fate,subtype,497,0.0265,0.7,0.0881
en,morality_truth,subtype,496,0.0264,-8.9,0.0879
en,action_conflict,subtype,1337,0.0712,21.1,0.2369
en,quantity_space,subtype,1128,0.0601,18.7,0.1999
en,residual_other,subtype,895,0.0477,7.0,0.1586
zh,animal,concrete,4064,0.0852,-1.4,
zh,body_mind,concrete,7371,0.1545,13.9,
zh,nature_cosmos,concrete,8287,0.1737,21.9,
zh,food_drink,concrete,1105,0.0232,-36.2,
zh,kinship_social,concrete,3977,0.0833,-47.6,
zh,religion_supernatural,concrete,761,0.0159,-27.5,
zh,occupation_economy,concrete,812,0.017,-31.6,
zh,artefact_household,concrete,5791,0.1213,-7.4,
zh,time_change,subtype,1198,0.0251,11.9,0.077
zh,speech_name,subtype,2231,0.0467,25.3,0.1434
zh,life_death_fate,subtype,1254,0.0263,1.0,0.0806
zh,morality_truth,subtype,3108,0.0651,39.6,0.1998
zh,action_conflict,subtype,2704,0.0567,19.3,0.1738
zh,quantity_space,subtype,2735,0.0573,30.8,0.1758
zh,residual_other,subtype,2324,0.0487,14.6,0.1494
hi,animal,concrete,3414,0.0809,-5.0,
hi,body_mind,concrete,4369,0.1036,-24.6,
hi,nature_cosmos,concrete,5885,0.1395,-4.5,
hi,food_drink,concrete,3460,0.082,33.9,
hi,kinship_social,concrete,9674,0.2293,61.7,
hi,religion_supernatural,concrete,2614,0.062,39.1,
hi,occupation_economy,concrete,2755,0.0653,34.1,
hi,artefact_household,concrete,4987,0.1182,-9.1,
hi,time_change,subtype,377,0.0089,-18.9,0.0751
hi,speech_name,subtype,671,0.0159,-21.9,0.1336
hi,life_death_fate,subtype,1048,0.0248,-1.4,0.2086
hi,morality_truth,subtype,673,0.016,-28.9,0.134
hi,action_conflict,subtype,945,0.0224,-25.2,0.1881
hi,quantity_space,subtype,448,0.0106,-34.8,0.0892
hi,residual_other,subtype,861,0.0204,-23.8,0.1714
ar,animal,concrete,2055,0.1205,17.0,
ar,body_mind,concrete,2499,0.1466,3.8,
ar,nature_cosmos,concrete,2207,0.1295,-6.5,
ar,food_drink,concrete,1220,0.0716,12.3,
ar,kinship_social,concrete,3177,0.1863,17.2,
ar,religion_supernatural,concrete,452,0.0265,-5.7,
ar,occupation_economy,concrete,633,0.0371,-1.4,
ar,artefact_household,concrete,1928,0.1131,-7.2,
ar,time_change,subtype,212,0.0124,-6.9,0.0737
ar,speech_name,subtype,329,0.0193,-9.5,0.1143
ar,life_death_fate,subtype,436,0.0256,-0.1,0.1515
ar,morality_truth,subtype,483,0.0283,-7.0,0.1678
ar,action_conflict,subtype,368,0.0216,-14.6,0.1279
ar,quantity_space,subtype,279,0.0164,-15.1,0.0969
ar,residual_other,subtype,771,0.0452,4.8,0.2679
