entity_en,entity_zh,direction,n_en,n_zh,n_en_full,n_zh_full,qualifies,gloss_centroid_div,gloss_percentile,native_centroid_div,native_percentile,llm_shared,llm_en_unique,llm_zh_unique
something,东西,en_to_zh,6,3,0,3,0,,,,,3,3,3
person,人,en_to_zh,10,20,0,483,1,0.1077,0.0936,0.2878,0.1687,3,3,4
place,场所,en_to_zh,7,19,0,43,1,0.178,0.434,0.2304,0.0399,2,2,2
time,时间,en_to_zh,15,6,185,4,1,0.1561,0.161,0.2293,0.0046,3,3,3
head,头,en_to_zh,17,18,208,240,1,0.0838,0.0414,0.2713,0.0629,3,3,3
hand,手,en_to_zh,18,19,180,169,1,0.0923,0.0475,0.2669,0.0491,4,3,4
eye,眼,en_to_zh,18,18,159,363,1,0.0735,0.0,0.2395,0.0,3,3,3
way,方式,en_to_zh,17,19,0,64,1,0.1037,0.0736,0.3008,0.1656,3,3,3
animal,动物,en_to_zh,4,1,32,1,0,,,,,2,3,3
foot,足,en_to_zh,14,17,122,186,1,0.0934,0.089,0.284,0.1365,3,3,3
day,天,en_to_zh,15,17,103,641,1,0.1655,0.4202,0.3291,0.3758,3,3,3
word,词,en_to_zh,18,16,118,49,1,0.0945,0.0061,0.2632,0.0107,4,4,4
back,背,en_to_zh,16,17,107,47,1,0.0896,0.066,0.2826,0.1304,2,3,3
heart,心,en_to_zh,19,19,127,662,1,0.0575,0.0,0.2691,0.0123,5,4,4
face,颜,en_to_zh,15,17,83,78,1,0.0954,0.0215,0.2655,0.0184,3,3,3
line,线,en_to_zh,12,17,81,17,1,0.118,0.2101,0.2902,0.1595,3,3,3
money,金钱,en_to_zh,17,14,82,13,1,0.0941,0.0,0.246,0.0,4,3,4
ear,耳朵,en_to_zh,17,19,91,132,1,0.0758,0.0,0.2517,0.0015,3,3,3
life,生命,en_to_zh,18,2,82,2,0,,,,,3,3,3
dog,犬,en_to_zh,18,20,80,149,1,0.0948,0.0138,0.3074,0.2009,3,3,3
nose,鼻子,en_to_zh,18,13,76,13,1,0.1105,0.0813,0.2689,0.0567,3,3,3
fire,火,en_to_zh,16,20,74,161,1,0.0564,0.0,0.2462,0.0092,4,3,4
water,水,en_to_zh,20,17,79,228,1,0.0999,0.0752,0.3393,0.4877,4,3,3
mouth,嘴,en_to_zh,20,18,75,266,1,0.0751,0.0031,0.2322,0.0031,4,3,4
hell,地狱,en_to_zh,19,8,75,8,1,0.1404,0.2377,0.3314,0.1917,3,3,3
home,居所,en_to_zh,17,15,66,135,1,0.0922,0.0245,0.2842,0.0184,3,3,3
horse,马,en_to_zh,20,18,71,229,1,0.0904,0.0475,0.2793,0.1411,4,4,4
cat,猫咪,en_to_zh,16,11,62,11,1,0.1608,0.3865,0.3251,0.362,3,3,3
world,世界,en_to_zh,19,12,68,10,1,0.1099,0.1426,0.2392,0.0031,3,3,3
stick,木棍,en_to_zh,16,6,61,6,1,0.0996,0.0905,0.2626,0.0521,3,3,3
end,终,en_to_zh,16,18,56,114,1,0.1072,0.0521,0.2964,0.0782,3,3,3
side,边,en_to_zh,17,17,53,123,1,0.0998,0.069,0.271,0.0613,3,3,3
devil,魔鬼,en_to_zh,19,1,61,0,0,,,,,3,4,4
finger,手指,en_to_zh,19,18,55,34,1,0.106,0.1227,0.3143,0.2684,4,4,4
ass,屁股,en_to_zh,17,17,53,17,1,0.1132,0.1181,0.3013,0.1595,3,3,3
light,光,en_to_zh,15,20,50,48,1,0.124,0.1948,0.3027,0.2285,3,3,3
tooth,齿,en_to_zh,20,20,56,103,1,0.0871,0.0567,0.2509,0.0322,3,3,3
door,门,en_to_zh,15,19,49,127,1,0.0998,0.0675,0.2743,0.0291,3,3,4
book,书,en_to_zh,15,17,44,60,1,0.1269,0.066,0.3104,0.1212,3,3,3
hat,帽,en_to_zh,20,6,55,0,1,0.1502,0.3252,0.3131,0.4141,2,3,3
shit,便便,en_to_zh,13,6,47,6,1,0.1306,0.1626,0.3168,0.1089,3,4,4
wall,墙壁,en_to_zh,17,18,48,64,1,0.0764,0.0245,0.3035,0.2377,3,3,4
hair,髮,en_to_zh,16,15,46,64,1,0.1211,0.2147,0.3248,0.3512,2,3,3
blood,血,en_to_zh,20,19,47,63,1,0.1131,0.0874,0.2625,0.0107,4,3,4
wind,风,en_to_zh,17,17,47,411,1,0.0853,0.0107,0.2868,0.0828,3,3,3
bone,骨头,en_to_zh,14,17,40,109,1,0.0819,0.0061,0.3163,0.1794,3,3,4
top,顶,en_to_zh,15,7,41,7,1,0.1513,0.3604,0.307,0.3113,2,2,2
step,步骤,en_to_zh,15,16,34,47,1,0.0957,0.0046,0.2816,0.0782,3,3,3
ground,地面,en_to_zh,18,18,41,274,1,0.1161,0.1871,0.2979,0.227,3,3,3
bed,床,en_to_zh,13,16,32,24,1,0.145,0.138,0.3725,0.5276,3,3,3
fish,鱼,en_to_zh,17,19,40,151,1,0.1121,0.1549,0.3666,0.6503,3,3,3
wheel,轮,en_to_zh,16,12,36,12,1,0.1501,0.365,0.3699,0.6472,3,3,4
death,死,en_to_zh,20,17,42,101,1,0.0968,0.023,0.27,0.0383,3,3,4
name,名称,en_to_zh,11,14,28,109,1,0.1683,0.2975,0.3265,0.2393,3,3,3
leg,腿,en_to_zh,15,1,34,1,0,,,,,2,2,2
tongue,舌,en_to_zh,20,19,41,120,1,0.0827,0.0031,0.2586,0.0046,4,4,4
skin,肤,en_to_zh,15,19,30,59,1,0.0924,0.023,0.2721,0.0383,2,3,3
shoulder,肩,en_to_zh,18,20,38,63,1,0.2521,0.8282,0.3372,0.4172,2,3,3
game,游戏,en_to_zh,19,7,38,7,1,0.2208,0.4724,0.3418,0.3604,3,3,3
heel,足踵,en_to_zh,17,20,37,46,1,0.1087,0.1058,0.2378,0.0046,2,3,3
nail,钉子,en_to_zh,13,12,32,12,1,0.1158,0.1227,0.2788,0.0644,2,2,2
case,例,en_to_zh,17,20,29,33,1,0.0852,0.0046,0.2868,0.0997,3,3,3
year,年,en_to_zh,13,17,28,78,1,0.0815,0.0015,0.2372,0.0015,4,3,4
clock,钟,en_to_zh,16,20,26,34,1,0.1518,0.431,0.3689,0.6518,3,3,4
track,踪迹,en_to_zh,13,4,29,4,0,,,,,3,3,3
act,表演,en_to_zh,18,19,32,20,1,0.1083,0.1181,0.2833,0.0874,2,3,3
arm,手臂,en_to_zh,16,18,31,19,1,0.1118,0.161,0.2825,0.1258,3,3,4
rain,雨,en_to_zh,11,18,22,152,1,0.1016,0.089,0.3035,0.1442,3,3,3
fly,苍蝇,en_to_zh,19,20,34,23,1,0.1908,0.5782,0.3736,0.6028,3,3,4
shoe,鞋,en_to_zh,19,19,35,52,1,0.0982,0.0644,0.3143,0.2377,3,3,4
lip,脣,en_to_zh,15,17,30,54,1,0.1936,0.4371,0.3617,0.3819,3,3,3
hole,窿,en_to_zh,16,16,29,34,1,0.091,0.0138,0.3169,0.2285,3,3,4
love,爱,en_to_zh,18,10,32,10,1,0.0897,0.0,0.2485,0.0,3,3,3
night,黑夜,en_to_zh,13,14,21,31,1,0.1177,0.0015,0.2869,0.0031,3,3,3
bird,鳥,en_to_zh,16,18,29,48,1,0.1273,0.2577,0.3163,0.3374,3,3,3
storm,风暴,en_to_zh,16,1,28,1,0,,,,,3,3,3
breath,气息,en_to_zh,17,3,28,3,0,,,,,2,3,3
law,法,en_to_zh,18,17,27,57,1,0.0684,0.0,0.2275,0.0,4,4,4
stone,石,en_to_zh,17,16,28,90,1,0.1004,0.0859,0.2993,0.2362,3,4,4
egg,蛋,en_to_zh,20,2,32,2,0,,,,,3,3,3
something else,别物,en_to_zh,7,0,11,0,0,,,,,2,2,2
luck,时运,en_to_zh,19,20,30,25,1,0.0667,0.0,0.2787,0.0,3,4,4
shot,照,en_to_zh,19,3,29,3,0,,,,,2,3,3
account,账户,en_to_zh,15,2,24,2,0,,,,,2,3,3
duck,鸭,en_to_zh,15,20,25,28,1,0.1005,0.112,0.2859,0.0844,2,3,4
age,年岁,en_to_zh,12,6,20,6,1,0.1617,0.2101,0.319,0.069,3,3,3
boy,童子,en_to_zh,20,1,30,1,0,,,,,3,3,3
trouble,是非,en_to_zh,16,19,26,25,1,0.1419,0.1212,0.2877,0.069,3,3,4
monkey,猴子,en_to_zh,16,11,25,11,1,0.1327,0.0552,0.3221,0.135,3,4,4
tune,曲,en_to_zh,18,16,28,16,1,0.1029,0.0199,0.2824,0.0445,3,3,4
hook,勾,en_to_zh,12,11,19,11,1,0.1496,0.362,0.3319,0.4064,2,3,3
boot,靴,en_to_zh,15,5,24,5,1,0.1774,0.4034,0.3614,0.5046,2,3,3
neck,颈项,en_to_zh,15,12,24,12,1,0.12,0.1472,0.3269,0.2469,3,3,3
minute,分,en_to_zh,16,15,24,15,1,0.1244,0.1242,0.3181,0.1503,3,3,3
tree,树木,en_to_zh,14,17,22,39,1,0.1136,0.158,0.3026,0.2285,3,3,3
gut,肠,en_to_zh,20,19,29,52,1,0.0953,0.0291,0.324,0.1994,3,3,3
object,物体,en_to_zh,4,0,6,0,0,,,,,2,2,2
chip,碎片,en_to_zh,15,6,22,0,1,0.1933,0.5322,0.2968,0.2239,2,3,3
feather,羽毛,en_to_zh,16,17,24,25,1,0.1133,0.115,0.2902,0.1672,3,3,4
oneself,本身,en_to_zh,17,18,22,18,1,0.1148,0.0491,0.307,0.0567,3,2,3
moment,霎那,en_to_zh,15,6,22,5,1,0.1526,0.1288,0.2698,0.0092,3,3,3
brain,脑,en_to_zh,17,18,23,44,1,0.0992,0.0061,0.2901,0.0307,3,3,3
gun,枪,en_to_zh,18,20,24,21,1,0.096,0.0184,0.2318,0.0092,3,3,4
check,查,en_to_zh,10,19,13,34,1,0.1412,0.3236,0.2981,0.1887,2,2,3
town,城镇,en_to_zh,15,1,21,1,0,,,,,2,3,3
deal,待遇,en_to_zh,19,4,23,4,0,,,,,3,3,3
trick,花计,en_to_zh,18,5,22,5,1,0.1762,0.2086,0.3975,0.4862,2,3,3
job,差事,en_to_zh,17,3,25,2,0,,,,,2,3,3
race,人种,en_to_zh,6,2,10,0,0,,,,,2,3,3
war,战争,en_to_zh,19,3,24,3,0,,,,,3,3,3
story,故事,en_to_zh,20,2,25,2,0,,,,,2,3,3
roll,卷,en_to_zh,10,4,12,4,0,,,,,2,2,2
ring,环,en_to_zh,17,10,22,10,1,0.1727,0.4985,0.3333,0.4356,2,3,3
load,担,en_to_zh,14,4,15,4,0,,,,,3,4,4
land,土地,en_to_zh,13,12,18,11,1,0.1015,0.0169,0.3077,0.0736,3,3,3
bucket,桶,en_to_zh,15,1,19,0,0,,,,,2,3,3
hammer,錘,en_to_zh,13,3,17,3,0,,,,,3,3,3
one,壹,en_to_zh,15,20,20,37,1,0.1112,0.1304,0.2752,0.0951,3,3,3
street,街,en_to_zh,19,11,22,21,1,0.1101,0.0215,0.2977,0.1012,3,3,3
throat,嗓,en_to_zh,15,2,18,1,0,,,,,2,2,2
friend,友,en_to_zh,14,17,16,25,1,0.0695,0.0,0.2374,0.0,3,3,3
toe,脚趾,en_to_zh,14,10,18,10,1,0.1664,0.4387,0.329,0.3574,2,3,3
dream,梦,en_to_zh,17,19,21,40,1,0.1209,0.0445,0.3015,0.0184,3,3,4
question,题,en_to_zh,15,8,17,7,1,0.1553,0.0629,0.2645,0.0015,2,3,3
salt,盐,en_to_zh,18,13,21,13,1,0.0851,0.0153,0.2942,0.1718,3,4,4
heaven,天界,en_to_zh,20,2,27,2,0,,,,,3,3,3
tear,泪珠,en_to_zh,16,20,18,42,1,0.0878,0.0015,0.2561,0.0031,3,3,3
pig,豚,en_to_zh,19,19,21,39,1,0.0854,0.0169,0.2877,0.0613,3,4,4
knee,膝头,en_to_zh,17,14,20,14,1,0.1106,0.092,0.3434,0.4325,3,4,4
star,星,en_to_zh,17,17,19,45,1,0.1517,0.2791,0.3597,0.6564,3,3,3
thumb,大拇,en_to_zh,16,1,19,1,0,,,,,2,3,3
wood,木头,en_to_zh,15,20,17,44,1,0.0877,0.0491,0.2875,0.115,3,3,3
block,块,en_to_zh,11,4,13,4,0,,,,,3,3,3
sleeve,袖子,en_to_zh,18,19,20,35,1,0.1429,0.2745,0.3335,0.431,2,2,2
chicken,鸡,en_to_zh,18,20,21,76,1,0.1267,0.2684,0.3003,0.1534,3,4,4
someone else,他人,en_to_zh,9,4,11,4,0,,,,,3,3,3
horn,角,en_to_zh,18,17,19,33,1,0.1482,0.3543,0.3289,0.3773,2,2,3
order,秩序,en_to_zh,6,18,7,19,1,0.1248,0.0031,0.3133,0.138,3,3,3
soul,魂魄,en_to_zh,18,6,20,6,1,0.2091,0.5782,0.3728,0.5736,3,3,3
ice,冰,en_to_zh,16,19,18,87,1,0.1278,0.138,0.3427,0.4678,3,3,3
mark,标,en_to_zh,18,4,20,4,0,,,,,2,2,2
nerve,神经,en_to_zh,20,2,22,1,0,,,,,2,3,3
dust,灰土,en_to_zh,18,19,20,43,1,0.0888,0.0215,0.3199,0.2561,3,3,3
heat,热,en_to_zh,14,10,16,10,1,0.1326,0.1442,0.3293,0.2546,3,2,3
power,权势,en_to_zh,16,17,17,155,1,0.2109,0.5567,0.3149,0.2546,3,3,3
bag,袋,en_to_zh,18,17,20,19,1,0.1096,0.0966,0.2903,0.1319,3,3,3
spit,口水,en_to_zh,13,14,13,14,1,0.1181,0.0353,0.258,0.0107,2,3,3
mother,母亲,en_to_zh,17,12,19,12,1,0.1131,0.0031,0.265,0.0077,3,3,4
woman,女,en_to_zh,17,20,19,34,1,0.1259,0.0,0.2674,0.0,4,3,4
nothing,无物,en_to_zh,20,5,21,5,1,0.1572,0.2531,0.2799,0.0322,3,3,3
price,价码,en_to_zh,9,16,10,15,1,0.1252,0.0031,0.2847,0.0199,3,3,3
gold,黄金,en_to_zh,20,18,21,126,1,0.077,0.0,0.2449,0.0046,3,3,4
thought,意念,en_to_zh,19,2,21,2,0,,,,,3,3,3
truth,真相,en_to_zh,18,18,19,20,1,0.1749,0.0245,0.2884,0.0199,3,3,3
wolf,野狼,en_to_zh,16,20,17,73,1,0.1055,0.0506,0.2931,0.0399,4,4,4
room,房间,en_to_zh,11,19,12,56,1,0.1273,0.2285,0.3328,0.4463,3,3,3
crowd,人群,en_to_zh,5,1,6,1,0,,,,,3,3,3
kiss,吻,en_to_zh,16,4,16,4,0,,,,,2,3,3
wave,波浪,en_to_zh,10,19,11,57,1,0.1046,0.0859,0.3082,0.1242,3,3,4
seat,座位,en_to_zh,15,2,15,2,0,,,,,2,3,3
crack,裂缝,en_to_zh,20,2,20,2,0,,,,,2,3,3
brick,砖头,en_to_zh,15,7,15,7,1,0.1502,0.3604,0.3166,0.3742,2,3,3
course,课,en_to_zh,14,10,14,10,1,0.1499,0.3451,0.3509,0.5368,2,2,3
grave,坟,en_to_zh,19,4,19,4,0,,,,,3,3,3
goose,鵝,en_to_zh,19,7,19,7,1,0.1356,0.1948,0.2903,0.0813,2,3,3
rope,绳,en_to_zh,16,19,16,20,1,0.138,0.3497,0.3247,0.4003,3,3,3
hope,期望,en_to_zh,20,16,20,15,1,0.1834,0.2807,0.3223,0.0706,3,3,3
sake,故,en_to_zh,19,15,19,24,1,0.2674,0.8696,0.3406,0.592,2,3,4
taste,味道,en_to_zh,17,19,17,19,1,0.1439,0.0245,0.2907,0.0123,3,3,4
root,根,en_to_zh,14,19,14,78,1,0.1149,0.0015,0.2994,0.0368,3,3,3
belt,腰带,en_to_zh,16,2,16,0,0,,,,,2,4,3
baby,嬰,en_to_zh,13,2,13,2,0,,,,,2,3,3
bridge,桥,en_to_zh,18,10,18,10,1,0.1119,0.0215,0.2717,0.0383,3,3,3
note,音符,en_to_zh,14,3,14,3,0,,,,,2,2,2
court,法院,en_to_zh,13,20,13,79,1,0.1328,0.2945,0.3166,0.3896,2,2,3
bottle,瓶,en_to_zh,18,8,18,8,1,0.1371,0.204,0.3264,0.3497,2,3,4
cloud,云彩,en_to_zh,18,20,18,210,1,0.1289,0.1887,0.3286,0.2853,3,3,4
flesh,肉,en_to_zh,15,20,15,50,1,0.0952,0.069,0.3155,0.2592,3,3,3
sense,知觉,en_to_zh,15,3,15,1,0,,,,,3,3,3
ticket,票,en_to_zh,15,1,15,0,0,,,,,2,3,3
corner,隅,en_to_zh,17,9,17,9,1,0.1161,0.0951,0.2996,0.1518,2,3,3
attention,注意,en_to_zh,15,0,15,0,0,,,,,2,2,2
whip,鞭子,en_to_zh,14,20,14,24,1,0.1058,0.1104,0.3478,0.4402,2,3,3
creature,生灵,en_to_zh,6,4,6,4,0,,,,,3,3,3
you,君,en_to_zh,12,17,12,18,1,0.2217,0.6595,0.3656,0.6166,2,3,3
sea,海,en_to_zh,13,20,13,132,1,0.1126,0.0322,0.308,0.1457,3,3,3
wing,翅,en_to_zh,17,19,17,34,1,0.0914,0.0491,0.2642,0.0613,3,3,4
right,右方,en_to_zh,11,14,11,14,1,0.1648,0.4617,0.2858,0.1304,3,3,3
fence,围栏,en_to_zh,16,4,16,4,0,,,,,3,3,3
wink,眨眼,en_to_zh,12,1,12,0,0,,,,,2,3,3
floor,层,en_to_zh,10,8,10,7,1,0.2724,0.6549,0.3815,0.661,2,2,2
drum,鼓,en_to_zh,15,19,15,41,1,0.1047,0.0613,0.2496,0.0153,3,3,3
child,孩,en_to_zh,13,16,13,25,1,0.1587,0.1933,0.2782,0.0153,3,3,4
pocket,兜,en_to_zh,15,1,15,1,0,,,,,2,3,3
sand,砂,en_to_zh,14,19,14,52,1,0.1009,0.0506,0.3109,0.1871,3,3,3
fight,斗,en_to_zh,11,18,11,28,1,0.1234,0.2439,0.2922,0.1534,3,3,3
stomach,胃,en_to_zh,15,4,15,4,0,,,,,2,3,3
pant,裤子,en_to_zh,14,2,14,2,0,,,,,2,3,3
king,君王,en_to_zh,12,16,12,16,1,0.119,0.0153,0.3205,0.1242,3,3,4
board,板子,en_to_zh,14,12,14,12,1,0.1314,0.1564,0.3028,0.2025,3,3,3
spot,点,en_to_zh,13,8,13,8,1,0.1847,0.4433,0.2908,0.1488,2,3,3
figure,形象,en_to_zh,14,19,14,19,1,0.1086,0.0199,0.2462,0.0107,3,3,3
market,市场,en_to_zh,10,1,10,0,0,,,,,3,3,3
sheet,纸,en_to_zh,13,17,13,25,1,0.2174,0.5537,0.3811,0.592,2,3,3
dozen,一打,en_to_zh,13,1,13,1,0,,,,,2,3,3
flame,焰,en_to_zh,15,12,15,12,1,0.1807,0.3696,0.3273,0.3113,3,3,3
view,观点,en_to_zh,11,17,11,29,1,0.1238,0.0767,0.3127,0.0997,2,3,3
suit,诉讼,en_to_zh,12,5,12,5,1,0.2728,0.8742,0.3194,0.3512,2,3,3
sweat,汗水,en_to_zh,14,20,14,21,1,0.1742,0.3175,0.3639,0.3466,3,3,3
rake,耙,en_to_zh,10,1,10,1,0,,,,,2,3,3
can,罐,en_to_zh,13,1,13,1,0,,,,,2,2,2
shadow,阴影,en_to_zh,14,19,14,91,1,0.1242,0.0721,0.3268,0.296,3,3,3
shape,形状,en_to_zh,13,17,13,72,1,0.1068,0.0936,0.285,0.1104,3,3,3
snow,雪,en_to_zh,12,16,12,72,1,0.1615,0.4233,0.342,0.3834,3,4,4
mess,混乱,en_to_zh,15,16,15,16,1,0.2056,0.4862,0.3646,0.4294,2,3,3
pain,疼痛,en_to_zh,14,8,14,8,1,0.1418,0.135,0.2662,0.0629,2,3,3
pot,锅,en_to_zh,14,6,14,6,1,0.177,0.4018,0.314,0.2408,3,3,3
state,国度,en_to_zh,12,15,12,108,1,0.2066,0.4279,0.3532,0.4371,3,3,3
stroke,笔画,en_to_zh,11,1,11,1,0,,,,,0,0,0
god,神,en_to_zh,14,19,50,145,1,0.1278,0.1304,0.3154,0.2393,3,3,3
moon,玉盘,en_to_zh,15,18,15,168,1,0.1444,0.2423,0.3305,0.2776,3,3,4
dawn,旦,en_to_zh,12,15,12,13,1,0.1321,0.0721,0.3013,0.0383,3,3,3
sword,剑,en_to_zh,13,17,13,51,1,0.1058,0.0598,0.3073,0.1794,3,3,4
sock,襪,en_to_zh,13,0,13,0,0,,,,,2,3,3
cover,盖,en_to_zh,12,4,12,4,0,,,,,2,3,3
bump,疙瘩,en_to_zh,10,1,10,1,0,,,,,2,3,3
school,校,en_to_zh,11,3,11,3,0,,,,,2,3,3
weather,气象,en_to_zh,13,2,13,2,0,,,,,2,3,3
fan,粉丝,en_to_zh,11,11,11,11,1,0.184,0.5031,0.335,0.3819,2,3,3
bear,熊,en_to_zh,13,10,13,10,1,0.1447,0.2837,0.3471,0.4479,3,3,3
grass,草,en_to_zh,14,19,14,60,1,0.1123,0.1028,0.3257,0.3819,3,3,3
play,剧目,en_to_zh,10,7,10,7,1,0.1737,0.3113,0.3421,0.3942,3,3,3
boat,舟,en_to_zh,14,20,14,75,1,0.096,0.0276,0.3186,0.273,3,3,3
credit,功绩,en_to_zh,8,2,8,2,0,,,,,2,3,3
belly,肚,en_to_zh,11,18,11,77,1,0.2009,0.5752,0.3381,0.4525,3,3,3
pipe,管,en_to_zh,10,13,10,17,1,0.2059,0.6028,0.3793,0.6825,2,3,3
roof,屋顶,en_to_zh,11,1,11,1,0,,,,,2,3,3
purpose,目标,en_to_zh,14,9,14,9,1,0.1514,0.0982,0.3127,0.2147,3,3,4
ace,高手,en_to_zh,13,2,13,0,0,,,,,2,2,2
amount,数量,en_to_zh,6,7,6,6,1,0.2225,0.4632,0.3387,0.3021,3,3,3
guess,估计,en_to_zh,11,1,11,0,0,,,,,3,3,3
daylight,日光,en_to_zh,13,2,13,2,0,,,,,2,3,3
chin,颏,en_to_zh,12,2,12,2,0,,,,,2,3,3
mud,泥,en_to_zh,13,19,13,23,1,0.1114,0.0782,0.3101,0.1856,3,3,3
front,前方,en_to_zh,10,20,10,26,1,0.1136,0.0675,0.272,0.0752,3,3,3
plug,栓子,en_to_zh,11,2,11,2,0,,,,,2,2,2
change,变,en_to_zh,9,19,9,23,1,0.2259,0.5982,0.3605,0.5782,2,2,2
hold,把,en_to_zh,7,1,7,1,0,,,,,2,3,3
lamb,小羊,en_to_zh,12,2,12,2,0,,,,,3,4,4
tide,海潮,en_to_zh,13,8,13,8,1,0.2826,0.7853,0.4331,0.7316,3,3,3
balance,衡,en_to_zh,12,10,12,10,1,0.1421,0.1304,0.3083,0.1288,3,3,3
hill,阜,en_to_zh,13,15,13,15,1,0.1121,0.0767,0.3559,0.3374,3,3,4
bolt,螺栓,en_to_zh,11,3,11,3,0,,,,,2,2,2
plate,盘子,en_to_zh,11,14,11,14,1,0.2714,0.7239,0.4248,0.7377,3,3,3
color,色,en_to_zh,14,17,14,83,1,0.1323,0.184,0.3245,0.2776,3,3,3
cloth,布,en_to_zh,12,4,12,3,0,,,,,2,3,3
cock,鸡公,en_to_zh,12,2,12,2,0,,,,,2,3,3
doctor,大夫,en_to_zh,8,3,8,3,0,,,,,2,2,2
wit,才智,en_to_zh,12,0,12,0,0,,,,,3,3,3
stake,杭,en_to_zh,9,18,9,19,1,0.1622,0.3206,0.3499,0.4709,2,3,3
bean,菽,en_to_zh,12,20,12,33,1,0.1312,0.2086,0.3044,0.2715,3,3,3
fruit,果,en_to_zh,12,19,12,17,1,0.1129,0.0153,0.2835,0.046,3,3,3
nest,窝,en_to_zh,10,19,10,47,1,0.1344,0.1196,0.2726,0.0184,3,3,3
habit,习惯,en_to_zh,11,4,11,4,0,,,,,3,3,3
field,田野,en_to_zh,9,13,9,13,1,0.1469,0.2163,0.3638,0.5506,2,3,3
snake,蛇,en_to_zh,12,20,12,48,1,0.0946,0.0215,0.2969,0.0169,3,3,4
rat,大鼠,en_to_zh,11,3,11,3,0,,,,,2,3,3
pitch,沥青,en_to_zh,7,0,7,0,0,,,,,2,3,3
dirt,壤,en_to_zh,8,18,8,93,1,0.1753,0.4755,0.3383,0.4479,3,3,3
file,文件,en_to_zh,4,1,4,0,0,,,,,2,3,3
body,体,en_to_zh,9,16,9,187,1,0.1216,0.1963,0.2857,0.2423,3,3,4
loss,损失,en_to_zh,12,1,12,1,0,,,,,2,3,3
needle,针,en_to_zh,11,19,11,29,1,0.0984,0.0368,0.3089,0.1656,3,3,3
wonder,奇观,en_to_zh,12,1,12,0,0,,,,,2,3,3
notch,刻痕,en_to_zh,11,4,11,4,0,,,,,2,3,3
lie,假话,en_to_zh,12,6,12,6,1,0.115,0.0,0.253,0.0,3,3,3
window,牖,en_to_zh,9,13,9,12,1,0.1696,0.3451,0.3486,0.3144,3,3,3
talk,言,en_to_zh,11,20,11,279,1,0.1113,0.0092,0.2754,0.0169,2,2,2
wool,羊毛,en_to_zh,10,1,10,1,0,,,,,2,3,3
bow,琴弓,en_to_zh,12,20,12,21,1,0.1506,0.3543,0.2876,0.1396,3,3,4
peace,和平,en_to_zh,12,1,12,1,0,,,,,3,3,3
rest,余,en_to_zh,9,19,9,26,1,0.1613,0.3834,0.2989,0.3666,2,2,3
elbow,肘,en_to_zh,10,14,10,14,1,0.2115,0.7561,0.3314,0.4371,3,3,3
spoon,汤匙,en_to_zh,9,2,9,2,0,,,,,2,3,3
drain,沟渠,en_to_zh,7,0,7,0,0,,,,,3,3,3
buzz,嗡鸣,en_to_zh,9,4,9,4,0,,,,,3,3,3
spring,春季,en_to_zh,8,18,8,38,1,0.1478,0.0613,0.3024,0.0583,3,3,3
poison,毒药,en_to_zh,7,10,7,9,1,0.1972,0.342,0.3179,0.1212,3,3,3
difference,差,en_to_zh,11,5,11,4,1,0.1754,0.2255,0.28,0.0613,3,3,3
smoke,烟气,en_to_zh,11,17,11,28,1,0.1763,0.3589,0.315,0.2163,3,3,4
bee,蜂,en_to_zh,11,20,11,40,1,0.1703,0.4034,0.326,0.2347,2,3,3
medicine,药,en_to_zh,10,11,10,11,1,0.2472,0.6672,0.3564,0.4755,2,2,2
start,伊始,en_to_zh,7,19,7,26,1,0.1155,0.0,0.2752,0.0092,3,3,3
store,店铺,en_to_zh,8,6,8,6,1,0.2472,0.8221,0.3987,0.8298,2,3,3
gas,气体,en_to_zh,8,18,8,163,1,0.1892,0.4571,0.3333,0.3727,2,3,3
practice,实践,en_to_zh,7,3,7,2,0,,,,,3,3,3
lion,狮子,en_to_zh,9,8,9,8,1,0.1731,0.1917,0.3604,0.4325,3,3,3
honey,蜂蜜,en_to_zh,10,6,10,6,1,0.1084,0.0,0.2828,0.0,3,3,3
thief,盗,en_to_zh,11,18,11,42,1,0.1301,0.1227,0.2767,0.0046,3,3,4
reason,道理,en_to_zh,9,20,9,71,1,0.1022,0.0,0.247,0.0,3,3,4
drop,滴,en_to_zh,9,1,9,1,0,,,,,2,3,3
pound,磅,en_to_zh,11,5,11,0,1,0.3465,0.8865,0.5188,0.9555,2,3,3
secret,秘密,en_to_zh,7,6,7,5,1,0.0821,0.0,0.2558,0.0,3,3,3
nature,本性,en_to_zh,9,8,9,8,1,0.1318,0.0077,0.2607,0.0015,3,3,3
rate,率,en_to_zh,7,19,7,0,1,0.2532,0.7546,0.3978,0.5169,2,3,3
knot,结,en_to_zh,7,2,7,2,0,,,,,2,3,3
breeze,微风,en_to_zh,8,1,8,1,0,,,,,3,3,3
breakfast,晨食,en_to_zh,8,1,8,1,0,,,,,2,2,2
thunder,雷霆,en_to_zh,11,18,11,42,1,0.1231,0.1058,0.2949,0.1028,3,3,3
chalk,垩,en_to_zh,11,3,11,3,0,,,,,2,3,3
season,时节,en_to_zh,4,1,4,1,0,,,,,2,2,2
milk,奶,en_to_zh,9,1,9,1,0,,,,,2,3,3
duty,责职,en_to_zh,6,13,6,13,1,0.173,0.0184,0.3609,0.158,2,2,2
interest,趣,en_to_zh,8,5,8,5,1,0.213,0.5261,0.4584,0.9202,2,3,3
father,爹,en_to_zh,11,14,11,14,1,0.1682,0.0138,0.2878,0.0015,3,3,4
food,食,en_to_zh,5,18,5,124,1,0.114,0.0092,0.3389,0.365,3,3,3
chest,胸膛,en_to_zh,11,19,11,40,1,0.1293,0.1135,0.3065,0.1258,3,3,3
creek,溪,en_to_zh,8,2,8,0,0,,,,,2,2,2
pair,对,en_to_zh,7,2,7,2,0,,,,,2,3,3
frog,青蛙,en_to_zh,9,8,9,8,1,0.1356,0.1442,0.3177,0.296,2,3,3
blast,爆炸,en_to_zh,7,3,7,0,0,,,,,2,3,3
log,原木,en_to_zh,7,1,7,1,0,,,,,2,3,3
soup,汤,en_to_zh,9,20,9,27,1,0.0966,0.046,0.3075,0.2071,2,3,3
favor,人情,en_to_zh,8,20,8,78,1,0.1704,0.0506,0.3251,0.1334,3,3,3
mouse,老鼠,en_to_zh,10,8,10,8,1,0.1945,0.5383,0.3483,0.4325,3,3,3
row,列,en_to_zh,10,18,10,111,1,0.1535,0.3052,0.3102,0.3098,2,2,2
labor,劳,en_to_zh,4,17,4,28,0,,,,,3,3,4
flag,旗,en_to_zh,9,20,9,26,1,0.139,0.1181,0.282,0.0307,3,3,3
slice,片,en_to_zh,6,4,6,4,0,,,,,2,3,3
peg,销,en_to_zh,8,17,8,0,1,0.1763,0.5537,0.3449,0.5399,2,3,3
week,星期,en_to_zh,5,7,5,7,1,0.2154,0.658,0.3765,0.6411,2,3,3
opportunity,时机,en_to_zh,10,6,10,6,1,0.1916,0.0399,0.2662,0.0015,3,3,3
mountain,山,zh_to_en,8,19,8,200,1,0.0982,0.023,0.2863,0.1104,3,3,4
tiger,虎,zh_to_en,7,20,7,204,1,0.1378,0.2224,0.3287,0.2715,3,3,4
dragon,龙,zh_to_en,2,20,2,193,0,,,,,2,2,3
sounds,声,zh_to_en,2,19,2,150,0,,,,,3,3,3
flowers,花,zh_to_en,9,19,9,148,1,0.1683,0.3727,0.3554,0.4693,4,3,3
feelings,情,zh_to_en,10,20,10,150,1,0.1244,0.0567,0.3403,0.1672,3,3,3
phoenix,凤,zh_to_en,1,17,1,131,0,,,,,2,3,3
soldier,兵,zh_to_en,3,17,3,113,0,,,,,2,2,2
literature,文,zh_to_en,6,16,6,100,1,0.2211,0.4571,0.3758,0.5184,3,3,4
vulgarity,俗,zh_to_en,1,15,1,90,0,,,,,2,2,2
brows,眉,zh_to_en,11,19,11,96,1,0.1839,0.385,0.3244,0.2531,2,2,2
intent,志,zh_to_en,9,19,9,90,1,0.1678,0.3313,0.3427,0.3037,2,2,2
east,东,zh_to_en,15,18,3,93,1,0.1491,0.3758,0.2794,0.1166,2,2,3
West,西,zh_to_en,4,18,4,93,0,,,,,3,3,4
citizenry,民,zh_to_en,5,15,6,69,1,0.2592,0.7439,0.3415,0.3313,2,2,2
ability,才,zh_to_en,11,16,11,79,1,0.0969,0.0,0.2659,0.0077,3,3,4
moral virtue,德,zh_to_en,4,18,4,80,0,,,,,3,3,3
garment,衣,zh_to_en,7,17,7,74,1,0.1748,0.4371,0.3319,0.3512,2,3,4
evil,恶,zh_to_en,8,18,8,73,1,0.1384,0.0,0.2804,0.0015,4,4,4
shade,鬼,zh_to_en,15,19,15,77,1,0.1386,0.2485,0.3537,0.434,3,3,3
current day,今,zh_to_en,3,16,3,74,0,,,,,2,2,2
pearl,珠,zh_to_en,7,19,7,74,1,0.1589,0.1518,0.3515,0.3067,3,3,4
vehicle,车,zh_to_en,0,17,0,66,0,,,,,2,2,3
rivers,河,zh_to_en,7,19,7,72,1,0.176,0.5061,0.3653,0.6426,3,3,3
cattle,牛,zh_to_en,1,19,1,66,0,,,,,3,3,4
phrasing,辞,zh_to_en,18,18,0,61,1,0.094,0.0077,0.2895,0.0383,2,2,3
knife,刀,zh_to_en,5,17,5,59,1,0.1089,0.1534,0.3087,0.3313,4,3,4
ding,鼎,zh_to_en,16,19,0,64,1,0.1184,0.2009,0.3343,0.4248,2,2,3
alcohol,酒,zh_to_en,1,19,1,58,0,,,,,3,3,4
first party,甲,zh_to_en,12,16,12,54,1,0.1931,0.3727,0.3258,0.1902,2,3,3
language,语,zh_to_en,8,17,8,42,1,0.1322,0.0138,0.3166,0.0169,3,3,4
willows,柳,zh_to_en,1,19,1,54,0,,,,,2,2,3
branches,枝,zh_to_en,6,19,6,55,1,0.2034,0.5445,0.4334,0.7607,3,3,4
water well,井,zh_to_en,5,18,5,49,1,0.1363,0.2822,0.3565,0.4893,2,3,3
livers,肝,zh_to_en,3,20,3,54,0,,,,,2,2,3
household,户,zh_to_en,1,16,1,38,0,,,,,2,2,3
merriment,乐,zh_to_en,18,19,24,50,1,0.0977,0.0031,0.2612,0.0015,3,3,3
offence,罪,zh_to_en,13,18,13,41,1,0.1447,0.0061,0.2839,0.0031,3,3,3
the military,武,zh_to_en,10,16,0,39,1,0.1771,0.2684,0.3649,0.4417,3,3,3
self,私,zh_to_en,12,17,14,43,1,0.2309,0.6917,0.3763,0.5767,2,3,3
pen,笔,zh_to_en,5,19,5,47,1,0.1659,0.0966,0.2765,0.0,3,3,4
Yan,燕,zh_to_en,10,19,11,49,1,0.1426,0.2071,0.3448,0.4279,3,3,3
the virtuous,贤,zh_to_en,1,14,0,41,0,,,,,2,2,2
blessings,福,zh_to_en,6,19,6,47,1,0.1456,0.0046,0.3772,0.2669,3,3,4
leaf,叶,zh_to_en,4,19,4,48,0,,,,,3,3,3
group,群,zh_to_en,2,15,2,37,0,,,,,3,3,3
crown,冠,zh_to_en,4,20,4,46,0,,,,,3,3,5
silk,丝,zh_to_en,3,15,3,37,0,,,,,3,3,4
wisdom,智,zh_to_en,4,16,4,41,0,,,,,2,2,2
salary,薪,zh_to_en,3,20,3,46,0,,,,,2,2,2
laugh,笑,zh_to_en,7,19,7,38,1,0.1242,0.0061,0.3187,0.0276,3,3,4
plot,谋,zh_to_en,12,18,12,41,1,0.1255,0.0077,0.2478,0.0,3,3,3
study,学,zh_to_en,6,19,6,92,1,0.1435,0.0644,0.2981,0.0015,2,3,3
gloaming,暮,zh_to_en,2,19,2,42,0,,,,,2,2,2
mist,雾,zh_to_en,4,17,4,37,0,,,,,3,3,3
division,师,zh_to_en,12,14,12,33,1,0.114,0.0107,0.2567,0.0092,3,4,4
underneath,下,zh_to_en,6,19,6,38,1,0.2134,0.635,0.3116,0.1994,3,3,3
bureaucrat,官,zh_to_en,1,17,0,29,0,,,,,2,2,2
plum,李,zh_to_en,1,20,1,42,0,,,,,2,3,4
sperm,精,zh_to_en,3,18,3,38,0,,,,,2,2,3
character,字,zh_to_en,5,14,5,30,1,0.2867,0.8758,0.4576,0.9279,2,2,2
song,歌,zh_to_en,10,19,10,38,1,0.192,0.546,0.393,0.7469,3,3,3
imperfection,瑕,zh_to_en,4,20,4,41,0,,,,,2,2,2
scale,鳞,zh_to_en,6,19,6,34,1,0.2038,0.6672,0.4061,0.8313,2,3,3
chapter,章,zh_to_en,5,18,5,35,1,0.2428,0.7469,0.3757,0.4417,3,3,3
hall,堂,zh_to_en,18,20,0,37,1,0.163,0.4647,0.3318,0.4417,2,3,3
category,类,zh_to_en,13,15,13,28,1,0.1105,0.0199,0.2578,0.0092,3,3,3
hardship,苦,zh_to_en,4,16,4,34,0,,,,,2,2,2
cares,虑,zh_to_en,0,17,0,30,0,,,,,2,2,2
string,弦,zh_to_en,19,17,27,31,1,0.111,0.0475,0.2873,0.0905,2,3,3
adversaries,敌,zh_to_en,8,18,8,34,1,0.1854,0.3328,0.3009,0.1273,3,3,3
cereal,谷,zh_to_en,13,17,13,32,1,0.1171,0.138,0.3063,0.158,3,3,4
pillow,枕,zh_to_en,0,19,0,32,0,,,,,2,2,3
fox,狐,zh_to_en,5,19,5,36,1,0.2054,0.6058,0.3426,0.408,2,3,3
scholar,士,zh_to_en,1,18,1,33,0,,,,,3,3,3
rumor,闻,zh_to_en,12,18,12,33,1,0.1527,0.2899,0.3415,0.3405,2,2,2
bunny,兔,zh_to_en,9,19,9,37,1,0.1631,0.4969,0.3523,0.4724,2,3,3
hunger,饥,zh_to_en,4,18,0,28,0,,,,,3,3,4
career,业,zh_to_en,19,14,46,25,1,0.1141,0.0583,0.3195,0.1457,2,2,2
hazard,危,zh_to_en,6,18,6,30,1,0.1936,0.1181,0.3081,0.0537,2,2,2
chow,饭,zh_to_en,3,20,3,34,0,,,,,3,3,4
benevolence,仁,zh_to_en,1,20,0,35,0,,,,,2,2,2
peaches,桃,zh_to_en,1,20,1,35,0,,,,,2,3,4
canon,经,zh_to_en,8,16,8,29,1,0.1561,0.1626,0.3244,0.1442,3,2,3
ailment,病,zh_to_en,4,17,4,29,0,,,,,2,2,2
ant,蚁,zh_to_en,4,19,4,33,0,,,,,2,3,4
Chinese mile,里,zh_to_en,1,19,1,28,0,,,,,2,2,3
bi disk,璧,zh_to_en,13,20,0,32,1,0.1096,0.181,0.2806,0.135,2,2,2
relatives,亲,zh_to_en,1,15,1,26,0,,,,,3,3,4
hoarfrost,霜,zh_to_en,1,20,1,33,0,,,,,3,3,3
daughter,千金,zh_to_en,10,20,12,32,1,0.2015,0.2055,0.3677,0.3911,2,3,3
past,旧,zh_to_en,3,18,3,26,0,,,,,3,2,3
gourd,瓜,zh_to_en,2,19,2,31,0,,,,,2,2,3
poverty,贫,zh_to_en,4,15,4,20,0,,,,,2,2,3
sentences,句,zh_to_en,1,15,1,20,0,,,,,2,2,2
iron,铁,zh_to_en,7,20,7,31,1,0.1626,0.3988,0.3552,0.5061,3,3,3
micro,微,zh_to_en,1,18,0,28,0,,,,,2,2,3
wild geese,雁,zh_to_en,3,18,0,28,0,,,,,2,2,3
theory,论,zh_to_en,2,18,2,27,0,,,,,3,3,4
woods,林,zh_to_en,11,17,0,26,1,0.128,0.1672,0.3125,0.2285,3,3,4
purple,紫,zh_to_en,3,19,3,27,0,,,,,2,2,4
tile,瓦,zh_to_en,1,19,1,27,0,,,,,2,2,3
article,文章,zh_to_en,2,19,2,28,0,,,,,2,2,3
white,白,zh_to_en,2,18,2,25,0,,,,,2,2,4
III,三,zh_to_en,0,18,0,25,0,,,,,3,3,3
exterior,外,zh_to_en,1,17,1,23,0,,,,,3,3,3
wrong,非,zh_to_en,2,20,2,27,0,,,,,3,3,3
regulations,规,zh_to_en,11,20,11,28,1,0.1275,0.0506,0.2408,0.0046,2,3,3
countenance,貌,zh_to_en,6,13,6,20,1,0.1502,0.0276,0.3126,0.1887,2,2,2
set square,矩,zh_to_en,3,20,3,27,0,,,,,2,3,3
ruts,辙,zh_to_en,3,19,3,27,0,,,,,2,2,3
implement,器,zh_to_en,11,20,11,27,1,0.1299,0.1564,0.3335,0.3819,2,2,2
sparrow,雀,zh_to_en,1,20,1,27,0,,,,,2,2,3
bamboo,竹,zh_to_en,1,12,1,17,0,,,,,2,2,3
eagle,鹰,zh_to_en,1,16,1,21,0,,,,,2,2,2
paint,涂,zh_to_en,2,19,2,25,0,,,,,2,2,2
dew,露,zh_to_en,1,19,0,24,0,,,,,2,2,3
ink,墨,zh_to_en,3,19,3,24,0,,,,,2,3,4
inches,寸,zh_to_en,14,19,33,25,1,0.107,0.0046,0.2977,0.0844,3,2,3
arrows,矢,zh_to_en,4,18,4,21,0,,,,,2,2,2
city,城,zh_to_en,5,18,0,21,1,0.2229,0.7178,0.3907,0.8052,2,3,3
beauty,美,zh_to_en,3,20,3,25,0,,,,,2,2,2
oil,油,zh_to_en,10,19,10,24,1,0.1476,0.2776,0.298,0.1518,2,3,4
clenched hand,拳,zh_to_en,6,18,6,23,1,0.1273,0.0276,0.2731,0.0107,2,2,3
intercourse,交,zh_to_en,7,20,7,24,1,0.2895,0.8589,0.4032,0.658,3,3,3
cup,杯,zh_to_en,9,14,9,16,1,0.1224,0.0491,0.3603,0.3926,2,3,4
bosom,怀,zh_to_en,7,19,7,22,1,0.2648,0.7822,0.4171,0.819,2,3,3
candle,烛,zh_to_en,9,19,9,23,1,0.133,0.2224,0.3741,0.5644,3,3,4
palm,掌,zh_to_en,9,20,9,24,1,0.2586,0.7132,0.3846,0.5844,2,3,4
alleys,巷,zh_to_en,8,16,8,18,1,0.197,0.5506,0.3746,0.7132,2,2,2
misfortune,灾,zh_to_en,3,20,3,22,0,,,,,2,2,2
fur coat,裘,zh_to_en,1,20,1,22,0,,,,,2,2,3
victory,胜,zh_to_en,17,18,34,20,1,0.1152,0.158,0.2481,0.0261,3,3,3
upright man,君子,zh_to_en,2,16,2,18,0,,,,,2,2,2
dances,舞,zh_to_en,8,16,8,18,1,0.2199,0.5844,0.4034,0.7147,2,3,3
beams,梁,zh_to_en,5,18,5,20,1,0.1624,0.3742,0.3974,0.7745,2,3,3
fall,秋,zh_to_en,5,15,5,16,1,0.2897,0.8144,0.421,0.7362,3,3,4
man,男,zh_to_en,20,19,115,16,1,0.1645,0.2822,0.3051,0.1764,3,3,3
helpmeet,妻,zh_to_en,5,18,5,18,1,0.1735,0.0107,0.3138,0.0092,2,2,2
grudges,怨,zh_to_en,5,20,5,20,1,0.1819,0.0997,0.3246,0.0291,2,2,2
political party,党,zh_to_en,14,16,17,16,1,0.2463,0.6917,0.3913,0.612,2,3,3
deer,鹿,zh_to_en,1,20,1,22,0,,,,,2,2,3
pole,极,zh_to_en,10,18,10,20,1,0.1885,0.3313,0.2875,0.0706,2,3,3
outdoors,野,zh_to_en,4,14,4,15,0,,,,,2,2,2
prestige,威,zh_to_en,2,16,2,17,0,,,,,3,3,4
loins,腰,zh_to_en,3,20,3,18,0,,,,,2,2,2
two,两,zh_to_en,1,20,1,21,0,,,,,2,2,3
mirror,镜,zh_to_en,7,20,7,21,1,0.1973,0.4816,0.3361,0.3681,2,3,4
original,原,zh_to_en,5,16,5,17,1,0.1689,0.3175,0.2939,0.1503,2,2,2
marrow,髓,zh_to_en,2,20,2,21,0,,,,,2,2,3
turtle,龟,zh_to_en,3,19,3,20,0,,,,,2,3,3
red,红,zh_to_en,4,19,4,19,0,,,,,2,2,3
oath,誓,zh_to_en,1,18,1,18,0,,,,,2,2,2
chill,寒,zh_to_en,13,19,13,19,1,0.1704,0.3221,0.354,0.4156,3,3,3
vinegar,醋,zh_to_en,7,20,7,20,1,0.1809,0.3834,0.363,0.4647,2,3,4
apes,猿,zh_to_en,3,16,3,16,0,,,,,2,3,4
valor,勇,zh_to_en,12,19,12,19,1,0.1051,0.0,0.2619,0.0,3,3,3
nothingness,空,zh_to_en,0,18,0,18,0,,,,,2,2,3
wound,伤,zh_to_en,10,17,10,17,1,0.1406,0.0767,0.3389,0.1748,3,3,3
hate,恨,zh_to_en,1,19,1,19,0,,,,,2,2,2
crow,乌,zh_to_en,7,18,7,18,1,0.1537,0.3727,0.3002,0.1933,2,3,4
swan,鹄,zh_to_en,3,19,3,19,0,,,,,2,3,3
genuineness,诚,zh_to_en,3,17,3,17,0,,,,,3,3,3
monster,怪,zh_to_en,3,19,3,18,0,,,,,3,3,4
ruler,尺,zh_to_en,15,19,0,19,1,0.1586,0.408,0.3082,0.2822,2,2,2
single day,一日,zh_to_en,16,18,0,18,1,0.1149,0.0307,0.2797,0.0506,2,2,2
significance,重,zh_to_en,15,16,25,16,1,0.171,0.3083,0.2608,0.0215,3,3,3
visitor,客,zh_to_en,8,16,8,15,1,0.1459,0.1718,0.343,0.2086,2,2,2
punishment,刑,zh_to_en,3,11,3,10,0,,,,,2,2,2
elephant,象,zh_to_en,5,17,5,17,1,0.1894,0.5245,0.4085,0.7086,3,3,3
coming,来,zh_to_en,16,18,0,18,1,0.1164,0.0291,0.2727,0.023,3,3,3
prize,赏,zh_to_en,7,11,7,11,1,0.1305,0.0,0.2957,0.0261,3,3,3
house,舍,zh_to_en,15,15,32,15,1,0.1506,0.4463,0.3136,0.3497,3,3,4
potage,羹,zh_to_en,2,18,2,18,0,,,,,3,3,3
fury,怒,zh_to_en,8,17,8,17,1,0.0698,0.0,0.1776,0.0,3,3,3
ten,十,zh_to_en,2,17,2,17,0,,,,,2,2,2
technique,技,zh_to_en,0,17,0,16,0,,,,,2,2,2
utterance,一言,zh_to_en,0,15,0,14,0,,,,,3,3,3
cadavers,尸,zh_to_en,1,17,1,17,0,,,,,2,2,3
instruction,教,zh_to_en,2,14,2,14,0,,,,,2,2,2
thirstiness,渴,zh_to_en,4,17,4,14,0,,,,,2,2,3
wine vessel,尊,zh_to_en,7,17,7,17,1,0.1823,0.2117,0.3227,0.2055,2,2,2
Huang,黄,zh_to_en,13,15,0,15,1,0.2331,0.4969,0.3674,0.6242,2,3,3
eons,千古,zh_to_en,11,17,0,17,1,0.1392,0.1181,0.3298,0.2791,2,2,2
